id;contenu_co2;contenu_co2_acv;taux_enr
0106C;0.014;0.037;0.95
0108C;0.057;0.081;0.775
0110C;0.118;0.171;0.392
0109C;0.157;0.198;0.418
0103C;0.026;0.049;0.896
0102C;0.057;0.089;0.858
0111C;0.081;0.123;0.836
0105C;0.02;0.045;0.933
0107C;0.001;0.021;0.998
0205C;0.008;0.029;0.974
0201C;0.056;0.093;0.667
0204C;0.049;0.078;0.844
0306C;0;0.019;1
0303C;0;0.022;1
0307C;0.036;0.06;0.867
0310C;0.018;0.039;0.926
0308C;0.022;0.049;0.93
0305C;0.023;0.053;0.973
0304C;0;0.064;1
0302C;0.093;0.124;0.586
0301C;0.051;0.083;0.733
0309C;0.056;0.096;0.733
0404C;0.007;0.03;0.972
0406C;0.105;0.146;0.725
0402C;0.014;0.037;0.941
0403C;0;0.022;1
0401C;0.053;0.077;0.783
0506C;0.009;0.032;0.971
0501C;0.017;0.042;0.953
0502C;0.004;0.024;0.988
0507C;0.006;0.031;0.984
0508C;0;0.022;1
0504C;0.067;0.087;0.679
0505C;0.243;0.27;0.303
0603C;0.068;0.092;0.705
0605C;0.122;0.223;0.895
0602C;0.226;0.254;0
0606C;0.171;0.121;0
0609C;0.003;0.008;0.989
0608C;0.064;0.032;0.663
0701C;0.032;0.056;0.891
0704C;0;0.017;1
0705C;0;0.031;1
0706C;0;0.022;1
0702C;0.022;0.046;0.949
0707C;0;0.028;1
0703C;0;0.02;1
0802C;0.12;0.166;0.425
0806C;0.082;0.105;0.686
0805C;0;0.025;1
0801C;0;0.018;1
0809C;0;0.046;1
0804C;0.108;0.15;0.754
0813C;0;0.022;1
0810C;0;0.033;1
0817C;0.004;0.025;0.985
0808C;0.079;0.109;0.765
0812C;0;0.017;1
0803C;0.115;0.157;0.567
0814C;0;0.027;1
0811C;0;0.029;1
1001C;0.183;0.203;0
1003C;0.12;0.16;0.668
1002C;0.086;0.109;0.632
1103C;0;0.018;1
1101C;0.155;0.193;0.612
1206C;0.009;0.033;0.971
1201C;0.062;0.088;0.758
1204C;0.083;0.11;0.703
1203C;0.055;0.081;0.823
1207C;0.026;0.049;0.912
1317C;0.063;0.086;0.736
1320C;0.06;0.086;0.79
1321C;0.063;0.032;0.718
1318C;0.107;0.133;0.55
1302C;0.169;0.219;0
1306C;0.252;0.283;0
1319C;0.05;0.026;0.77
1322C;0.187;0.086;0.868
1310C;0.277;0.307;0
1311C;0.065;0.095;0.71
1303C;0.252;0.283;0
1315C;0.272;0.328;0
1411C;0.058;0.081;0.747
1409C;0.022;0.046;0.93
1405C;0.051;0.075;0.792
1406C;0.055;0.078;0.786
1412C;0.089;0.118;0.713
1413C;0.079;0.104;0.679
1403C;0.13;0.161;0.506
1401C;0.02;0.026;0.92
1402C;0.079;0.104;0.668
1410C;0.048;0.073;0.85
1506C;0;0.022;1
1511C;0.031;0.053;0.881
1501C;0.007;0.032;0.969
1507C;0.004;0.028;0.987
1504C;0.005;0.03;0.985
1512C;0.002;0.022;0.995
1503C;0.003;0.025;0.991
1502C;0.002;0.034;0.996
1505C;0;0.022;1
1608C;0.127;0.153;0.458
1611C;0.181;0.208;0.226
1604C;0;0.02;1
1610C;0.028;0.051;0.891
1613C;0;0.022;1
1606C;0;0.024;1
1601C;0;0.049;1
1609C;0.012;0.05;0.978
1605C;0.193;0.223;0
1612C;0.093;0.117;0.616
1703C;0.041;0.065;0.855
1707C;0.035;0.059;0.875
1702C;0.03;0.062;0.941
1701C;0.049;0.083;0.725
1704C;0.019;0.025;0.932
1705C;0.061;0.09;0.794
1706C;0.007;0.026;0.971
1801C;0.016;0.037;0.935
1803C;0.191;0.193;0
1907C;0.028;0.034;0.894
1902C;0.005;0.016;0.984
1906C;0.319;0.365;0
1909C;0.117;0.144;0.523
1908C;0;0.004;1
1901C;0;0.004;1
1904C;0;0.022;1
1903C;0.061;0.094;0.856
2001C;0.001;0.025;0.999
2107C;0.125;0.166;0.658
2102C;0.077;0.101;0.646
2105C;0.072;0.108;0.554
2106C;0.043;0.061;0.805
2108C;0;0.019;1
2205C;0.011;0.044;0.968
2214C;0;0.019;1
2210C;0.062;0.088;0.792
2212C;0.041;0.064;0.829
2207C;0.026;0.069;0.959
2217C;0.078;0.197;0.949
2218C;0.013;0.066;0.986
2209C;0;0.021;1
2206C;0.05;0.091;0.872
2213C;0.001;0.022;0.998
2202C;0;0.029;1
2203C;0;0.022;1
2208C;0.09;0.116;0.654
2211C;0;0.023;1
2204C;0;0.004;1
2301C;0.018;0.043;0.947
2302C;0.038;0.065;0.869
2304C;0;0.037;1
2305C;0.043;0.065;0.82
2406C;0.033;0.057;0.88
2404C;0;0.019;1
2403C;0.024;0.053;0.933
2402C;0.041;0.085;0.816
2407C;0.05;0.073;0.799
2401C;0.141;0.169;0.49
2516C;0.033;0.064;0.91
2505C;0;0.269;0
2501C;0.068;0.086;0.736
2506C;0.041;0.067;0.858
2503C;0.091;0.119;0.689
2514C;0;0.023;1
2515C;0;0.02;1
2504C;0.049;0.083;0.873
2502C;0.076;0.088;0.679
2510C;0.271;0.304;0
2507C;0;0.019;1
2509C;0;0.021;1
2512C;0;0.022;1
2518C;0.015;0.02;0.942
2511C;0.019;0.025;0.936
2513C;0;0.027;1
2604C;0.216;0.257;0
2603C;0;0.117;0.696
2605C;0.164;0.211;0
2601C;0.132;0.163;0.483
2602C;0.068;0.11;0.855
2709C;0.144;0.324;0
2707C;0;0.022;1
2706C;0.009;0.034;0.972
2701C;0.08;0.092;0.656
2704C;0.241;0.27;0
2702C;0.069;0.094;0.718
2703C;0.265;0.297;0
2705C;0.209;0.236;0
2807C;0;0.119;0.904
2803C;0.073;0.1;0.766
2802C;0.023;0.3;0
2806C;0.168;0.196;0.337
2901C;0.032;0.043;0.88
2903C;0;0.004;1
2906C;0;0.004;1
2908C;0.038;0.062;0.859
2907C;0.051;0.077;0.819
2902C;0.047;0.072;0.844
2905C;0;0.021;1
3002C;0.064;0.091;0.685
3003C;0;0.019;1
3001C;0.109;0.134;0.562
3108C;0.09;0.12;0.774
3102C;0.101;0.127;0.591
3115C;0;0.004;1
3103C;0.06;0.052;0.749
3111C;0.104;0.132;0.633
3113C;0.149;0.174;0.344
3101C;0.002;0.006;0.994
3104C;0.041;0.047;0.833
3106C;0.059;0.075;0.811
3107C;0.078;0.101;0.743
3112C;0.049;0.06;0.811
3315C;0.054;0.079;0.786
3302C;0.044;0.237;0
3303C;0;0.017;1
3316C;0.047;0.119;0.613
3318C;0.063;0.115;0.572
3319C;0.005;0.01;0.978
3325C;0.088;0.108;0.529
3326C;0.082;0.106;0.664
3324C;0.029;0.046;0.853
3329C;0.017;0.042;0.942
3310C;0.002;0.027;0.992
3313C;0.003;0.028;0.991
3321C;0.084;0.097;0.635
3305C;0.096;0.07;0.569
3320C;0.06;0.09;0.831
3304C;0.246;0.301;0
3311C;0.038;0.074;0.928
3317C;0.099;0.092;0.557
3327C;0.1;0.256;0
3328C;0.066;0.09;0.744
3312C;0.023;0.051;0.934
3425C;0.108;0.087;0.581
3410C;0.113;0.137;0.517
3414C;0.076;0.038;0.639
3404C;0;0.022;1
3409C;0.068;0.094;0.753
3412C;0.046;0.024;0.813
3401C;0.079;0.106;0.651
3405C;0.061;0.083;0.743
3411C;0;0.004;1
3413C;0.058;0.036;0.677
3514C;0.077;0.105;0.698
3508C;0.029;0.05;0.886
3516C;0;0.004;1
3511C;0.067;0.092;0.758
3504C;0.203;0.227;0
3505C;0.039;0.237;0
3506C;0.091;0.119;0.582
3507C;0.088;0.103;0.661
3515C;0.014;0.04;0.966
3512C;0.098;0.127;0.632
3510C;0.054;0.064;0.766
3603C;0.005;0.025;0.974
3601C;0.183;0.176;0.429
3602C;0.016;0.035;0.922
3606C;0.053;0.076;0.765
3605C;0.053;0.076;0.783
3604C;0.078;0.109;0.749
3711C;0.08;0.204;0.577
3701C;0.112;0.14;0.56
3708C;0.11;0.253;0
3705C;0.091;0.116;0.654
3702C;0.062;0.084;0.731
3704C;0.054;0.238;0
3709C;0;0.019;0.999
3710C;0.103;0.256;0
3713C;0.251;0.282;0
3712C;0.056;0.08;0.721
3806C;0.018;0.048;0.948
3803C;0.044;0.052;0.831
3814C;0.03;0.051;0.869
3821C;0.069;0.093;0.742
3820C;0.052;0.078;0.814
3802C;0.042;0.09;0.794
3808C;0.04;0.072;0.91
3809C;0.028;0.054;0.918
3801C;0.031;0.053;0.873
3811C;0.099;0.128;0.681
3805C;0.022;0.052;0.945
3823C;0;0.004;1
3819C;0;0.004;1
3807C;0.022;0.051;0.952
3817C;0.023;0.05;0.939
3824C;0.018;0.046;0.939
3804C;0.061;0.096;0.866
3813C;0.061;0.088;0.795
3826C;0.051;0.074;0.799
3905C;0;0.024;1
3908C;0;0.037;1
3903C;0;0.033;1
3907C;0;0.022;1
3901C;0.099;0.127;0.576
3902C;0.042;0.057;0.84
3904C;0.082;0.117;0.78
4004C;0.458;0.499;0.496
4003C;0.026;0.024;0.887
4005C;0.204;0.186;0.452
4006C;0;0.014;1
4101C;0.021;0.03;0.917
4106C;0.017;0.023;0.934
4103C;0.045;0.068;0.84
4104C;0.026;0.053;0.935
4105C;0;0.025;1
4102C;0.37;0.456;0.335
4211C;0.051;0.075;0.805
4249C;0.033;0.058;0.871
4240C;0.078;0.127;0.9
4241C;0.034;0.061;0.89
4206C;0.089;0.111;0.62
4251C;0.002;0.025;0.993
4217C;0.051;0.083;0.883
4222C;0;0.018;1
4243C;0.009;0.031;0.999
4245C;0;0.02;1
4220C;0;0.027;1
4244C;0;0.02;1
4230C;0.053;0.081;0.841
4212C;0.05;0.077;0.832
4225C;0.05;0.085;0.924
4226C;0.021;0.065;0.964
4236C;0.027;0.059;0.921
4239C;0.018;0.059;0.988
4219C;0.028;0.057;0.92
4207C;0.059;0.082;0.759
4208C;0.254;0.286;0
4234C;0.051;0.074;0.767
4237C;0.107;0.137;0.631
4235C;0.013;0.037;0.954
4218C;0.004;0.032;0.989
4247C;0.002;0.027;0.993
4216C;0.162;0.217;0.863
4221C;0;0.023;1
4214C;0.072;0.106;0.657
4227C;0;0.023;1
4233C;0;0.024;1
4224C;0;0.03;1
4202C;0.216;0.253;0
4203C;0.199;0.231;0
4204C;0.289;0.305;0
4210C;0.067;0.091;0.743
4213C;0.039;0.089;0.741
4231C;0.049;0.077;0.846
4232C;0.058;0.095;0.828
4228C;0.051;0.093;0.923
4238C;0.033;0.065;0.912
4223C;0.003;0.026;0.989
4229C;0.005;0.028;0.987
4250C;0.012;0.035;0.999
4248C;0.009;0.035;0.98
4252C;0.008;0.034;0.973
4246C;0.035;0.062;0.891
4215C;0.017;0.05;0.969
4305C;0;0.024;1
4304C;0;0.02;1
4306C;0;0.022;1
4302C;0;0.023;1
4303C;0.012;0.035;0.96
4309C;0;0.027;1
4314C;0;0.024;1
4310C;0;0.022;1
4301C;0.02;0.059;0.969
4307C;0.018;0.041;0.939
4402C;0.08;0.114;0.63
4401C;0.036;0.053;0.816
4403C;0.102;0.127;0.596
4405C;0.115;0.146;0.528
4410C;0.078;0.09;0.681
4406C;0.091;0.117;0.682
4408C;0.073;0.124;0.712
4407C;0.362;0.413;0.26
4409C;0.058;0.083;0.776
4507C;0.021;0.028;0.903
4505C;0.092;0.126;0.579
4504C;0.03;0.044;0.877
4501C;0.091;0.114;0.647
4503C;0;0.048;0.917
4604C;0.007;0.037;0.987
4614C;0.018;0.041;0.93
4608C;0.055;0.094;0.898
4605C;0.013;0.037;0.965
4607C;0.01;0.037;0.976
4612C;0.005;0.028;0.984
4617C;0.006;0.027;0.982
4603C;0.006;0.026;0.979
4616C;0.015;0.042;0.964
4610C;0.015;0.045;0.967
4613C;0.028;0.056;0.933
4601C;0.054;0.088;0.88
4609C;0.02;0.049;0.955
4611C;0.007;0.029;0.981
4615C;0.007;0.037;0.985
4701C;0;0.004;1
4802C;0;0.022;1
4803C;0.004;0.023;0.991
4904C;0.083;0.108;0.686
4901C;0.02;0.027;0.918
4902C;0.114;0.172;0.457
4903C;0.031;0.052;0.858
4907C;0.022;0.07;0.78
4910C;0.103;0.132;0.654
4911C;0.06;0.084;0.762
4915C;0.255;0.286;0
4913C;0.09;0.138;0.512
4908C;0.073;0.099;0.733
4912C;0.017;0.04;0.963
4914C;0;0.019;1
4905C;0.079;0.104;0.716
4916C;0.231;0.251;0
5006C;0.013;0.034;0.946
5001C;0.01;0.036;0.98
5002C;0.136;0.114;0
5005C;0;0.026;1
5003C;0.106;0.146;0.74
5004C;0.202;0.23;0.179
5107C;0.074;0.099;0.69
5104C;0.207;0.242;0
5101C;0.275;0.355;0
5106C;0.116;0.144;0.612
5108C;0.125;0.189;0.36
5109C;0.082;0.11;0.71
5103C;0.024;0.047;0.909
5208C;0;0.02;1
5204C;0.044;0.055;0.827
5213C;0;0.02;1
5209C;0.089;0.118;0.58
5205C;0;0.022;1
5214C;0;0.022;1
5202C;0.072;0.096;0.725
5207C;0;0.019;1
5303C;0.054;0.079;0.809
5305C;0.047;0.07;0.815
5302C;0.031;0.038;0.885
5304C;0;0.004;1
5415C;0;0.093;1
5409C;0;0.021;1
5414C;0.058;0.083;0.776
5408C;0.087;0.113;0.674
5413C;0.079;0.103;0.632
5401C;0.105;0.132;0.634
5407C;0.097;0.143;0.558
5411C;0.092;0.109;0.646
5412C;0.019;0.047;0.925
5403C;0.041;0.052;0.828
5410C;0.085;0.108;0.631
5504C;0;0.026;1
5501C;0.068;0.09;0.73
5503C;0.084;0.112;0.732
5505C;0;0.004;1
5502C;0.236;0.265;0
5603C;0.134;0.303;0
5605C;0;0.022;1
5602C;0;0.021;1
5601C;0.084;0.11;0.716
5604C;0;0.071;1
5608C;0.005;0.025;0.976
5607C;0.033;0.06;0.891
5720C;0.024;0.046;0.906
5708C;0;0.066;0.861
5719C;0.002;0.027;0.995
5716C;0.282;0.317;0
5713C;0.216;0.267;0.143
5703C;0.068;0.092;0.708
5706C;0.084;0.118;0.638
5701C;0.031;0.097;0.702
5721C;0.052;0.075;0.784
5717C;0.277;0.311;0
5705C;0.268;0.324;0
5709C;0.232;0.261;0
5710C;0.15;0.178;0.419
5711C;0.203;0.228;0
5722C;0.227;0.269;0
5714C;0.12;0.147;0.556
5707C;0.076;0.121;0.632
5712C;0;0.044;0.94
5702C;0.06;0.083;0.77
5805C;0;0.028;1
5806C;0;0.02;1
5816C;0;0.026;1
5817C;0.137;0.187;0.731
5821C;0.098;0.125;0.639
5818C;0;0.02;1
5820C;0.221;0.28;0.55
5814C;0;0.02;1
5807C;0.075;0.112;0.834
5819C;0.021;0.042;0.912
5803C;0.068;0.099;0.818
5823C;0.022;0.044;0.92
5808C;0.033;0.063;0.923
5824C;0.01;0.033;0.964
5809C;0.022;0.049;0.942
5827C;0.127;0.173;0.776
5822C;0.048;0.079;0.884
5802C;0.051;0.077;0.731
5825C;0;0.021;1
5810C;0;0.021;1
5811C;0.001;0.027;0.996
5812C;0.052;0.089;0.856
5804C;0;0.023;1
5815C;0.057;0.089;0.925
5828C;0.012;0.032;0.945
5813C;0;0.021;1
5826C;0;0.023;1
5913C;0.199;0.167;0.333
5918C;0.219;0.246;0
5922C;0.138;0.156;0.518
5915C;0.03;0.036;0.882
5914C;0.118;0.14;0.561
5920C;0.029;0.039;0.927
5916C;0.082;0.113;0.69
5911C;0.119;0.157;0.515
5910C;0.082;0.096;0.672
5917C;0.095;0.121;0.62
5919C;0.222;0.265;0
5912C;0.066;0.077;0.73
5909C;0.083;0.114;0.593
5901C;0.062;0.089;0.695
5908C;0.09;0.11;0.654
5902C;0.11;0.252;0
5904C;0.099;0.12;0.625
5905C;0.239;0.269;0
5906C;0.112;0.168;0.448
5907C;0.114;0.141;0.557
6005C;0.006;0.027;0.981
6006C;0.017;0.042;0.944
6001C;0.179;0.208;0.316
6002C;0.095;0.144;0.465
6008C;0;0.004;1
6004C;0.219;0.253;0
6003C;0.085;0.109;0.594
6007C;0.071;0.083;0.738
6101C;0.045;0.068;0.825
6109C;0.106;0.13;0.551
6103C;0.098;0.124;0.605
6102C;0.054;0.078;0.802
6104C;0.017;0.039;0.93
6105C;0.031;0.056;0.863
6209C;0.088;0.105;0.632
6213C;0;0.022;1
6202C;0.099;0.126;0.642
6210C;0.121;0.164;0.473
6201C;0.201;0.254;0
6204C;0.105;0.137;0.61
6211C;0.098;0.152;0.369
6207C;0.135;0.165;0.521
6203C;0.023;0.043;0.912
6206C;0.224;0.25;0.115
6205C;0.195;0.381;0
6212C;0.143;0.324;0
6215C;0;0.004;1
6310C;0;0.021;1
6315C;0;0.026;1
6312C;0;0.03;1
6304C;0.213;0.248;0
6303C;0.231;0.253;0
6306C;0.074;0.127;0.586
6308C;0.025;0.047;0.905
6314C;0;0.027;1
6309C;0.077;0.116;0.817
6301C;0.02;0.043;0.929
6305C;0.007;0.038;0.985
6307C;0.239;0.268;0
6311C;0;0.027;1
6402C;0.044;0.069;0.828
6401C;0.027;0.049;0.895
6403C;0.047;0.061;0.822
6501C;0.069;0.097;0.752
6601C;0;0.022;1
6604C;0.006;0.01;0.983
6716C;0;0.029;1
6727C;0.103;0.274;0
6710C;0.06;0.081;0.727
6714C;0;0.004;1
6739C;0.088;0.255;0
6717C;0;0.021;1
6713C;0.086;0.156;0.543
6726C;0.138;0.316;0.8
6711C;0.051;0.078;0.809
6715C;0.05;0.072;0.78
6741C;0.16;0.366;0
6723C;0;0.015;1
6712C;0;0.025;1
6732C;0.134;0.202;0
6709C;0.204;0.27;0
6728C;0.073;0.048;0.658
6731C;0.108;0.164;0.392
6736C;0;0.004;1
6737C;0;0.004;1
6724C;0.035;0.056;0.859
6702C;0.16;0.251;0
6703C;0.081;0.103;0.694
6704C;0.059;0.031;0.691
6705C;0.128;0.122;0.433
6708C;0.033;0.053;0.848
6722C;0.067;0.089;0.678
6725C;0.027;0.041;0.898
6730C;0.092;0.079;0.547
6733C;0.011;0.11;0.571
6735C;0.004;0.023;0.981
6738C;0.009;0.021;0.962
6815C;0;0.004;1
6812C;0;0.004;1
6802C;0.085;0.115;0.562
6806C;0.077;0.104;0.724
6801C;0.053;0.068;0.843
6813C;0.155;0.197;0.491
6820C;0;0.022;1
6817C;0;0.022;1
6809C;0;0.022;1
6821C;0;0.004;1
6814C;0.11;0.135;0.571
6818C;0;0.025;1
6803C;0.272;0.305;0
6810C;0.037;0.062;0.865
6822C;0.067;0.078;0.795
6819C;0.043;0.066;0.858
6804C;0;0.042;0.953
6816C;0.005;0.023;0.982
6904C;0.097;0.14;0.524
6940C;0;0.03;1
6929C;0.116;0.266;0
6933C;0.035;0.058;0.872
6912C;0.053;0.073;0.785
6918C;0.079;0.097;0.707
6928C;0.075;0.1;0.796
6923C;0.165;0.192;0.342
6935C;0;0.022;1
6934C;0;0.022;1
6939C;0.066;0.102;0.846
6905C;0.091;0.112;0.621
6915C;0.207;0.233;0
6930C;0.02;0.029;0.934
6936C;0.043;0.074;0.889
6914C;0.23;0.246;0
6921C;0.232;0.248;0
6937C;0.002;0.028;0.996
6941C;0.138;0.182;0.653
6938C;0.059;0.084;0.793
6932C;0.088;0.115;0.697
6906C;0.079;0.108;0.649
6901C;0.122;0.14;0.518
6931C;0.012;0.02;0.956
6913C;0.013;0.021;0.951
6924C;0.071;0.106;0.802
6925C;0.131;0.18;0.767
7003C;0;0.038;1
7006C;0;0.037;1
7004C;0.142;0.194;0.756
7001C;0.085;0.112;0.715
7009C;0;0.022;1
7011C;0.046;0.075;0.87
7008C;0.072;0.108;0.861
7002C;0.007;0.034;0.982
7007C;0.171;0.221;0.559
7104C;0.086;0.125;0.6
7101C;0.1;0.122;0.617
7107C;0.066;0.101;0.685
7108C;0.042;0.071;0.888
7102C;0.109;0.141;0.593
7109C;0.069;0.102;0.809
7105C;0.008;0.031;0.978
7203C;0.027;0.033;0.9
7204C;0.212;0.265;0
7206C;0.025;0.051;0.916
7202C;0.223;0.255;0
7205C;0;0.017;1
7315C;0.06;0.083;0.761
7319C;0.016;0.04;0.941
7320C;0.045;0.068;0.84
7308C;0.015;0.04;0.957
7305C;0.039;0.066;0.889
7301C;0.079;0.099;0.7
7310C;0;0.022;1
7313C;0;0.022;1
7311C;0.073;0.103;0.764
7314C;0;0.023;1
7304C;0.067;0.099;0.803
7307C;0.068;0.096;0.762
7316C;0.036;0.072;0.932
7321C;0.063;0.095;0.826
7318C;0.053;0.077;0.811
7312C;0;0.023;1
7421C;0.045;0.067;0.798
7403C;0.037;0.059;0.851
7475C;0.218;0.242;0
7476C;0.202;0.243;0
7409C;0.318;0.334;0
7413C;0.207;0.241;0.455
7408C;0.091;0.187;0.401
7427C;0.02;0.051;0.958
7424C;0.069;0.096;0.765
7410C;0.029;0.056;0.895
7426C;0.005;0.03;0.988
7412C;0.103;0.069;0.557
7423C;0.012;0.034;0.954
7428C;0.06;0.091;0.83
7411C;0.255;0.256;0
7402C;0.043;0.052;0.831
7407C;0.228;0.257;0
7418C;0;0.004;1
7419C;0;0.004;1
7422C;0.064;0.099;0.833
7417C;0.041;0.065;0.864
7416C;0.008;0.035;0.984
7501C;0.143;0.171;0.527
7504C;0.145;0.177;0.527
7511C;0.115;0.244;0.073
7606C;0.05;0.074;0.796
7609C;0.234;0.266;0
7610C;0.018;0.042;0.945
7620C;0;0.004;1
7602C;0.084;0.127;0.518
7603C;0.288;0.279;0
7613C;0.226;0.254;0
7607C;0.059;0.083;0.704
7615C;0.017;0.039;0.937
7605C;0.072;0.096;0.728
7617C;0.075;0.102;0.764
7616C;0.024;0.049;0.925
7601C;0.097;0.145;0.474
7612C;0.219;0.246;0
7614C;0.013;0.034;0.948
7619C;0.107;0.086;0.499
7608C;0.009;0.033;0.963
7621C;0;0.004;1
7618C;0;0.004;1
7707C;0.232;0.261;0
7721C;0.042;0.05;0.87
7724C;0.116;0.142;0.54
7727C;0.032;0.04;0.861
7717C;0.1;0.127;0.574
7723C;0.175;0.234;0.471
7725C;0.129;0.147;0.44
7711C;0.013;0.03;0.945
7706C;0.023;0.04;0.898
7708C;0.074;0.094;0.693
7726C;0.123;0.146;0.435
7701C;0.089;0.11;0.665
7703C;0.049;0.062;0.788
7715C;0.014;0.028;0.946
7705C;0.074;0.099;0.729
7704C;0.115;0.137;0.369
7718C;0.093;0.118;0.63
7716C;0.033;0.051;0.86
7710C;0.079;0.105;0.788
7722C;0;0.016;0.999
7806C;0.116;0.143;0.545
7818C;0.226;0.254;0
7816C;0.076;0.178;0.376
7811C;0.009;0.014;0.964
7807C;0.21;0.255;0
7801C;0.335;0.375;0
7813C;0;0.022;1
7804C;0.225;0.254;0
7808C;0.106;0.133;0.589
7802C;0.098;0.129;0.569
7812C;0.043;0.052;0.828
7805C;0.077;0.106;0.643
7820C;0.045;0.024;0.753
7809C;0.111;0.166;0.326
7803C;0.094;0.298;0
7904C;0;0.017;1
7906C;0;0.036;1
7901C;0.261;0.288;0
7903C;0;0.019;1
8005C;0.103;0.129;0.593
8001C;0.078;0.104;0.628
8002C;0.072;0.124;0.519
8006C;0.007;0.027;0.969
8106C;0.049;0.078;0.857
8101C;0.2;0.243;0
8103C;0.034;0.057;0.873
8104C;0.055;0.079;0.789
8105C;0.035;0.058;0.876
8112C;0.003;0.024;0.992
8102C;0.051;0.075;0.82
8113C;0.014;0.04;0.965
8202C;0;0.022;1
8201C;0.013;0.019;0.951
8204C;0;0.022;1
8305C;0;0.022;1
8304C;0;0.004;1
8306C;0.362;0.439;0
8307C;0.082;0.133;0.483
8301C;0;0.004;1
8401C;0.094;0.238;0
8404C;0;0.004;1
8405C;0;0.004;1
8501C;0.205;0.231;0
8502C;0.073;0.105;0.787
8503C;0;0.019;1
8606C;0.11;0.248;0
8607C;0.198;0.214;0.355
8605C;0.075;0.11;0.802
8601C;0.091;0.116;0.652
8608C;0.206;0.224;0
8610C;0.058;0.086;0.783
8703C;0.231;0.259;0
8701C;0;0.093;0.718
8702C;0.002;0.006;0.993
8704C;0.108;0.27;0
8707C;0.041;0.064;0.843
8816C;0;0.034;1
8819C;0;0.02;1
8801C;0;0.071;0.873
8807C;0.124;0.152;0.501
8811C;0;0.019;1
8805C;0.012;0.033;0.955
8817C;0;0.024;1
8808C;0.114;0.154;0.734
8809C;0.07;0.101;0.794
8806C;0.045;0.072;0.856
8820C;0.012;0.017;0.963
8802C;0.048;0.094;0.675
8818C;0;0.039;1
8821C;0.053;0.086;0.878
8815C;0.032;0.06;0.877
8812C;0.009;0.03;0.971
8814C;0.099;0.134;0.639
8902C;0.06;0.087;0.753
8904C;0;0.018;1
8901C;0.034;0.048;0.878
9002C;0.112;0.201;0.26
9122C;0.033;0.055;0.869
9106C;0.065;0.089;0.749
9108C;0.167;0.169;0.407
9107C;0.259;0.312;0
9114C;0.076;0.096;0.707
9103C;0.099;0.119;0.562
9105C;0.121;0.176;0.221
9118C;0.062;0.082;0.713
9102C;0.064;0.086;0.692
9101C;0.064;0.08;0.809
9121C;0.064;0.088;0.721
9125C;0.114;0.116;0.503
9115C;0.03;0.049;0.865
9123C;0.119;0.112;0.467
9104C;0.169;0.214;0
9109C;0.037;0.056;0.859
9119C;0;0.004;1
9120C;0.206;0.249;0
9236C;0.093;0.107;0.574
9219C;0.12;0.135;0.59
9209C;0.213;0.26;0
9242C;0.091;0.115;0.642
9235C;0.119;0.196;0.458
9202C;0.258;0.29;0
9233C;0.115;0.141;0.525
9224C;0.098;0.141;0.375
9225C;0.104;0.203;0.385
9205C;0.081;0.114;0.65
9234C;0.103;0.092;0.579
9217C;0.18;0.27;0.143
9211C;0.162;0.197;0.527
9201C;0.237;0.272;0
9204C;0.113;0.121;0.311
9232C;0.08;0.105;0.67
9237C;0.136;0.159;0.52
9230C;0;0.273;0
9239C;0.172;0.184;0.195
9222C;0.106;0.217;0.126
9226C;0.212;0.239;0
9307C;0.255;0.286;0
9312C;0.182;0.232;0
9317C;0.393;0.403;0
9321C;0.186;0.227;0
9302C;0.106;0.132;0.587
9303C;0.142;0.146;0.413
9316C;0.116;0.157;0.46
9311C;0.238;0.317;0
9327C;0.113;0.137;0.53
9313C;0.09;0.097;0.592
9315C;0.09;0.11;0.555
9310C;0.24;0.269;0
9305C;0.055;0.064;0.797
9328C;0.072;0.087;0.797
9324C;0.041;0.039;0.856
9301C;0.097;0.123;0.641
9326C;0.1;0.123;0.701
9304C;0.104;0.125;0.589
9309C;0.089;0.142;0.471
9314C;0.044;0.062;0.829
9306C;0.09;0.111;0.626
9421C;0.034;0.051;0.854
9429C;0.217;0.244;0
9422C;0.044;0.047;0.809
9414C;0.009;0.025;0.965
9410C;0.061;0.079;0.734
9411C;0.071;0.096;0.75
9415C;0.058;0.077;0.74
9402C;0.066;0.076;0.715
9404C;0.17;0.205;0.247
9419C;0.082;0.103;0.62
9406C;0.067;0.09;0.779
9423C;0.068;0.095;0.777
9401C;0.072;0.094;0.718
9412C;0.105;0.126;0.556
9420C;0.049;0.067;0.8
9425C;0.081;0.099;0.618
9408C;0.006;0.011;0.983
9430C;0.014;0.005;0.996
9409C;0.008;0.024;0.967
9413C;0.024;0.04;0.903
9424C;0.088;0.112;0.596
9403C;0.136;0.166;0.633
9509C;0.054;0.064;0.783
9519C;0;0.004;1
9503C;0.093;0.111;0.651
9521C;0.212;0.239;0
9507C;0.077;0.101;0.671
9511C;0.218;0.274;0
9516C;0.221;0.249;0
9505C;0.217;0.25;0
9518C;0.018;0.024;0.906
9515C;0.21;0.252;0
9510C;0.165;0.189;0.216
9502C;0.062;0.076;0.733
9501C;0.115;0.264;0
9520C;0.278;0.312;0
9514C;0.097;0.118;0.568
0606F;0.063;0.106;0
0608F;0.016;0.028;0
1302F;0.014;0.026;0
1301F;0.011;0.021;0
1322F;0.073;0.121;0
3101F;0.011;0.021;0
3112F;0.011;0.022;0
3302F;0.008;0.017;0
3301F;0.017;0.032;0
3426F;0.015;0.028;0
3414F;0.013;0.024;0
3412F;0.01;0.02;0
3401F;0.073;0.09;0
3402F;0.013;0.024;0
3403F;0.013;0.024;0
3406F;0.013;0.025;0
3411F;0.01;0.02;0
3424F;0.014;0.027;0
3427F;0.009;0.022;0
3802F;0.014;0.026;0
4213F;0.013;0.024;0
5714F;0.008;0.017;0
6905F;0.011;0.022;0
7503F;0.007;0.015;0
7619F;0.098;0.16;0
8001F;0.043;0.073;0
8307F;0.013;0.025;0
9101F;0.032;0.055;0
9219F;0.014;0.026;0
9225F;0.013;0.024;0
9231F;0.011;0.021;0
9240F;0.011;0.026;0
9234F;0.011;0.023;0
9237F;0.01;0.021;0
9242F;0.011;0.026;0
9235F;0.022;0.039;0
9310F;0.053;0.089;0
9322F;0.006;0.013;0
9425F;0.009;0.019;0
9510F;0.01;0.02;0
